"Variable","Optimum_Subsample_Size","Optimal_Clusters"
"Smoked",43.5979852025927,96.5269737673406
"Marijuana",53.6765914583651,87.9688585988486
"Age",64.3102184400286,80.4439098047626
